directory,target,hitrate,randomhitrate,swarmrate
/nfs/eecs-fserv/share/alipour/spidermonkey_experiment/DATA3/1/roundroubin.0.1/halfswarm,15128,0.329113924051,0.116991643454,0.101685393258
/nfs/eecs-fserv/share/alipour/spidermonkey_experiment/DATA3/1/roundroubin.0.1/nosup,15128,0.186567164179,0.116991643454,0.101685393258
/nfs/eecs-fserv/share/alipour/spidermonkey_experiment/DATA3/1/roundroubin.1.1/halfswarm,9301,0.411471321696,0.116991643454,0.112921348315
/nfs/eecs-fserv/share/alipour/spidermonkey_experiment/DATA3/1/roundroubin.1.1/nosup,9301,0.199475065617,0.116991643454,0.112921348315
/nfs/eecs-fserv/share/alipour/spidermonkey_experiment/DATA3/1/roundroubin.2.1/halfswarm,10018,0.235135135135,0.214484679666,0.205056179775
/nfs/eecs-fserv/share/alipour/spidermonkey_experiment/DATA3/1/roundroubin.2.1/nosup,10018,0.148936170213,0.214484679666,0.205056179775
/nfs/eecs-fserv/share/alipour/spidermonkey_experiment/DATA3/1/roundroubin.3.1/halfswarm,9225,0.562674094708,0.16713091922,0.12808988764
/nfs/eecs-fserv/share/alipour/spidermonkey_experiment/DATA3/1/roundroubin.3.1/nosup,9225,0.402173913043,0.16713091922,0.12808988764
/nfs/eecs-fserv/share/alipour/spidermonkey_experiment/DATA3/1/roundroubin.4.1/halfswarm,16012,0.252808988764,0.125348189415,0.138764044944
/nfs/eecs-fserv/share/alipour/spidermonkey_experiment/DATA3/1/roundroubin.4.1/nosup,16012,0.115702479339,0.125348189415,0.138764044944
/nfs/eecs-fserv/share/alipour/spidermonkey_experiment/DATA3/2/roundroubin.0.1/halfswarm,18554,0.0,0.160606060606,0.15444015444
/nfs/eecs-fserv/share/alipour/spidermonkey_experiment/DATA3/2/roundroubin.0.1/nosup,18554,0.0,0.160606060606,0.15444015444
/nfs/eecs-fserv/share/alipour/spidermonkey_experiment/DATA3/2/roundroubin.1.1/halfswarm,13146,0.363363363363,0.145454545455,0.163816878103
/nfs/eecs-fserv/share/alipour/spidermonkey_experiment/DATA3/2/roundroubin.1.1/nosup,13146,0.234421364985,0.145454545455,0.163816878103
/nfs/eecs-fserv/share/alipour/spidermonkey_experiment/DATA3/2/roundroubin.2.1/halfswarm,14893,0.274096385542,0.212121212121,0.222835079978
/nfs/eecs-fserv/share/alipour/spidermonkey_experiment/DATA3/2/roundroubin.2.1/nosup,14893,0.239644970414,0.212121212121,0.222835079978
/nfs/eecs-fserv/share/alipour/spidermonkey_experiment/DATA3/2/roundroubin.3.1/halfswarm,17120,0.322485207101,0.272727272727,0.274682846111
/nfs/eecs-fserv/share/alipour/spidermonkey_experiment/DATA3/2/roundroubin.3.1/nosup,17120,0.178571428571,0.272727272727,0.274682846111
/nfs/eecs-fserv/share/alipour/spidermonkey_experiment/DATA3/2/roundroubin.3.1/noswarm,17120,0.994186046512,0.272727272727,0.274682846111
/nfs/eecs-fserv/share/alipour/spidermonkey_experiment/DATA3/2/roundroubin.4.1/halfswarm,25020,0.0,0.242424242424,0.249862107005
/nfs/eecs-fserv/share/alipour/spidermonkey_experiment/DATA3/2/roundroubin.4.1/nosup,25020,0.0,0.242424242424,0.249862107005
/nfs/eecs-fserv/share/alipour/spidermonkey_experiment/DATA3/3/roundroubin.0.1/halfswarm,8850,0.368869936034,0.144772117962,0.115302869288
/nfs/eecs-fserv/share/alipour/spidermonkey_experiment/DATA3/3/roundroubin.0.1/nosup,8850,0.202505219207,0.144772117962,0.115302869288
/nfs/eecs-fserv/share/alipour/spidermonkey_experiment/DATA3/3/roundroubin.1.1/halfswarm,21447,0.40625,0.276139410188,0.234325185972
/nfs/eecs-fserv/share/alipour/spidermonkey_experiment/DATA3/3/roundroubin.1.1/nosup,21447,0.408695652174,0.276139410188,0.234325185972
/nfs/eecs-fserv/share/alipour/spidermonkey_experiment/DATA3/3/roundroubin.2.1/halfswarm,30490,0.207126948775,0.128686327078,0.124867162593
/nfs/eecs-fserv/share/alipour/spidermonkey_experiment/DATA3/3/roundroubin.2.1/nosup,30490,0.187363834423,0.128686327078,0.124867162593
/nfs/eecs-fserv/share/alipour/spidermonkey_experiment/DATA3/3/roundroubin.3.1/halfswarm,18826,0.700892857143,0.391420911528,0.285334750266
/nfs/eecs-fserv/share/alipour/spidermonkey_experiment/DATA3/3/roundroubin.3.1/nosup,18826,0.482683982684,0.391420911528,0.285334750266
/nfs/eecs-fserv/share/alipour/spidermonkey_experiment/DATA3/3/roundroubin.4.1/halfswarm,3255,0.153318077803,0.109919571046,0.107863974495
/nfs/eecs-fserv/share/alipour/spidermonkey_experiment/DATA3/3/roundroubin.4.1/nosup,3255,0.105855855856,0.109919571046,0.107863974495
/nfs/eecs-fserv/share/alipour/spidermonkey_experiment/DATA3/4/roundroubin.0.1/halfswarm,3271,0.182795698925,0.133928571429,0.104550582926
/nfs/eecs-fserv/share/alipour/spidermonkey_experiment/DATA3/4/roundroubin.0.1/nosup,3271,0.131233595801,0.133928571429,0.104550582926
/nfs/eecs-fserv/share/alipour/spidermonkey_experiment/DATA3/4/roundroubin.1.1/halfswarm,16044,0.226361031519,0.139880952381,0.12937194434
/nfs/eecs-fserv/share/alipour/spidermonkey_experiment/DATA3/4/roundroubin.1.1/nosup,16044,0.181303116147,0.139880952381,0.12937194434
/nfs/eecs-fserv/share/alipour/spidermonkey_experiment/DATA3/4/roundroubin.2.1/halfswarm,3214,0.218390804598,0.136904761905,0.126739375705
/nfs/eecs-fserv/share/alipour/spidermonkey_experiment/DATA3/4/roundroubin.2.1/nosup,3214,0.144886363636,0.136904761905,0.126739375705
/nfs/eecs-fserv/share/alipour/spidermonkey_experiment/DATA3/4/roundroubin.3.1/halfswarm,18781,0.715133531157,0.33630952381,0.26400902595
/nfs/eecs-fserv/share/alipour/spidermonkey_experiment/DATA3/4/roundroubin.3.1/nosup,18781,0.371830985915,0.33630952381,0.26400902595
/nfs/eecs-fserv/share/alipour/spidermonkey_experiment/DATA3/4/roundroubin.4.1/halfswarm,25786,0.191950464396,0.21130952381,0.260248213614
/nfs/eecs-fserv/share/alipour/spidermonkey_experiment/DATA3/4/roundroubin.4.1/nosup,25786,0.0936555891239,0.21130952381,0.260248213614
/nfs/eecs-fserv/share/alipour/spidermonkey_experiment/DATA3/5/roundroubin.0.1/halfswarm,18075,0.36329588015,0.208037825059,0.228791773779
/nfs/eecs-fserv/share/alipour/spidermonkey_experiment/DATA3/5/roundroubin.0.1/nosup,18075,0.311411992263,0.208037825059,0.228791773779
/nfs/eecs-fserv/share/alipour/spidermonkey_experiment/DATA3/5/roundroubin.1.1/halfswarm,13429,0.389121338912,0.132387706856,0.148071979434
/nfs/eecs-fserv/share/alipour/spidermonkey_experiment/DATA3/5/roundroubin.1.1/nosup,13429,0.269807280514,0.132387706856,0.148071979434
/nfs/eecs-fserv/share/alipour/spidermonkey_experiment/DATA3/5/roundroubin.2.1/halfswarm,18384,0.611683848797,0.264775413712,0.235989717224
/nfs/eecs-fserv/share/alipour/spidermonkey_experiment/DATA3/5/roundroubin.2.1/nosup,18384,0.412337662338,0.264775413712,0.235989717224
/nfs/eecs-fserv/share/alipour/spidermonkey_experiment/DATA3/5/roundroubin.3.1/halfswarm,16008,0.246527777778,0.113475177305,0.13264781491
/nfs/eecs-fserv/share/alipour/spidermonkey_experiment/DATA3/5/roundroubin.3.1/nosup,16008,0.150337837838,0.113475177305,0.13264781491
/nfs/eecs-fserv/share/alipour/spidermonkey_experiment/DATA3/5/roundroubin.4.1/halfswarm,14439,0.533820840951,0.224586288416,0.220051413882
/nfs/eecs-fserv/share/alipour/spidermonkey_experiment/DATA3/5/roundroubin.4.1/nosup,14439,0.29203539823,0.224586288416,0.220051413882
/nfs/eecs-fserv/share/alipour/spidermonkey_experiment/DATA3/6/roundroubin.0.1/halfswarm,24575,0.246205733558,0.117647058824,0.11897251014
/nfs/eecs-fserv/share/alipour/spidermonkey_experiment/DATA3/6/roundroubin.0.1/nosup,24575,0.167197452229,0.117647058824,0.11897251014
/nfs/eecs-fserv/share/alipour/spidermonkey_experiment/DATA3/6/roundroubin.1.1/halfswarm,22041,0.335727109515,0.161764705882,0.228030644434
/nfs/eecs-fserv/share/alipour/spidermonkey_experiment/DATA3/6/roundroubin.1.1/nosup,22041,0.329690346084,0.161764705882,0.228030644434
/nfs/eecs-fserv/share/alipour/spidermonkey_experiment/DATA3/6/roundroubin.2.1/halfswarm,19595,0.0342465753425,0.147058823529,0.104100946372
/nfs/eecs-fserv/share/alipour/spidermonkey_experiment/DATA3/6/roundroubin.2.1/nosup,19595,0.0426229508197,0.147058823529,0.104100946372
/nfs/eecs-fserv/share/alipour/spidermonkey_experiment/DATA3/6/roundroubin.3.1/halfswarm,30453,0.223333333333,0.143382352941,0.142857142857
/nfs/eecs-fserv/share/alipour/spidermonkey_experiment/DATA3/6/roundroubin.3.1/nosup,30453,0.147540983607,0.143382352941,0.142857142857
/nfs/eecs-fserv/share/alipour/spidermonkey_experiment/DATA3/6/roundroubin.4.1/halfswarm,18079,0.0158415841584,0.264705882353,0.277602523659
/nfs/eecs-fserv/share/alipour/spidermonkey_experiment/DATA3/6/roundroubin.4.1/nosup,18079,0.022869022869,0.264705882353,0.277602523659
/nfs/eecs-fserv/share/alipour/spidermonkey_experiment/DATA3/7/roundroubin.0.1/halfswarm,16866,0.12915851272,0.274074074074,0.233704292528
/nfs/eecs-fserv/share/alipour/spidermonkey_experiment/DATA3/7/roundroubin.0.1/nosup,16866,0.111984282908,0.274074074074,0.233704292528
/nfs/eecs-fserv/share/alipour/spidermonkey_experiment/DATA3/7/roundroubin.1.1/halfswarm,24089,0.771551724138,0.281481481481,0.21568627451
/nfs/eecs-fserv/share/alipour/spidermonkey_experiment/DATA3/7/roundroubin.1.1/nosup,24089,0.53164556962,0.281481481481,0.21568627451
/nfs/eecs-fserv/share/alipour/spidermonkey_experiment/DATA3/7/roundroubin.2.1/halfswarm,16477,0.473804100228,0.133333333333,0.113407525172
/nfs/eecs-fserv/share/alipour/spidermonkey_experiment/DATA3/7/roundroubin.2.1/nosup,16477,0.21186440678,0.133333333333,0.113407525172
/nfs/eecs-fserv/share/alipour/spidermonkey_experiment/DATA3/7/roundroubin.2.1/noswarm,16477,1.0,0.133333333333,0.113407525172
/nfs/eecs-fserv/share/alipour/spidermonkey_experiment/DATA3/7/roundroubin.3.1/halfswarm,10231,0.155606407323,0.192592592593,0.20084790673
/nfs/eecs-fserv/share/alipour/spidermonkey_experiment/DATA3/7/roundroubin.3.1/nosup,10231,0.0779220779221,0.192592592593,0.20084790673
/nfs/eecs-fserv/share/alipour/spidermonkey_experiment/DATA3/7/roundroubin.4.1/halfswarm,19004,0.0631067961165,0.211111111111,0.258611552729
/nfs/eecs-fserv/share/alipour/spidermonkey_experiment/DATA3/7/roundroubin.4.1/nosup,19004,0.0571428571429,0.211111111111,0.258611552729
/nfs/eecs-fserv/share/alipour/spidermonkey_experiment/DATA3/8/roundroubin.0.1/halfswarm,21812,0.593548387097,0.208633093525,0.194531600179
/nfs/eecs-fserv/share/alipour/spidermonkey_experiment/DATA3/8/roundroubin.0.1/nosup,21812,0.340590979782,0.208633093525,0.194531600179
/nfs/eecs-fserv/share/alipour/spidermonkey_experiment/DATA3/8/roundroubin.1.1/halfswarm,21456,0.305054151625,0.158273381295,0.147467503362
/nfs/eecs-fserv/share/alipour/spidermonkey_experiment/DATA3/8/roundroubin.1.1/nosup,21456,0.213028169014,0.158273381295,0.147467503362
/nfs/eecs-fserv/share/alipour/spidermonkey_experiment/DATA3/8/roundroubin.2.1/halfswarm,21812,0.624781849913,0.208633093525,0.194531600179
/nfs/eecs-fserv/share/alipour/spidermonkey_experiment/DATA3/8/roundroubin.2.1/nosup,21812,0.346551724138,0.208633093525,0.194531600179
/nfs/eecs-fserv/share/alipour/spidermonkey_experiment/DATA3/8/roundroubin.3.1/halfswarm,18838,0.766211604096,0.363309352518,0.283729269386
/nfs/eecs-fserv/share/alipour/spidermonkey_experiment/DATA3/8/roundroubin.3.1/nosup,18838,0.514900662252,0.363309352518,0.283729269386
/nfs/eecs-fserv/share/alipour/spidermonkey_experiment/DATA3/8/roundroubin.3.1/noswarm,18838,0.995789473684,0.363309352518,0.283729269386
/nfs/eecs-fserv/share/alipour/spidermonkey_experiment/DATA3/8/roundroubin.4.1/halfswarm,13086,0.343373493976,0.161870503597,0.146122814881
/nfs/eecs-fserv/share/alipour/spidermonkey_experiment/DATA3/8/roundroubin.4.1/nosup,13086,0.220703125,0.161870503597,0.146122814881
/nfs/eecs-fserv/share/alipour/spidermonkey_experiment/DATA3/9/roundroubin.0.1/halfswarm,15797,0.246435845214,0.170278637771,0.18899643403
/nfs/eecs-fserv/share/alipour/spidermonkey_experiment/DATA3/9/roundroubin.0.1/nosup,15797,0.181086519115,0.170278637771,0.18899643403
/nfs/eecs-fserv/share/alipour/spidermonkey_experiment/DATA3/9/roundroubin.1.1/halfswarm,18442,0.457330415755,0.191950464396,0.199184921039
/nfs/eecs-fserv/share/alipour/spidermonkey_experiment/DATA3/9/roundroubin.1.1/nosup,18442,0.3,0.191950464396,0.199184921039
/nfs/eecs-fserv/share/alipour/spidermonkey_experiment/DATA3/9/roundroubin.2.1/halfswarm,21555,0.259786476868,0.108359133127,0.108507386653
/nfs/eecs-fserv/share/alipour/spidermonkey_experiment/DATA3/9/roundroubin.2.1/nosup,21555,0.206239168111,0.108359133127,0.108507386653
/nfs/eecs-fserv/share/alipour/spidermonkey_experiment/DATA3/9/roundroubin.3.1/halfswarm,12231,0.402877697842,0.148606811146,0.130412633724
/nfs/eecs-fserv/share/alipour/spidermonkey_experiment/DATA3/9/roundroubin.3.1/nosup,12231,0.244791666667,0.148606811146,0.130412633724
/nfs/eecs-fserv/share/alipour/spidermonkey_experiment/DATA3/9/roundroubin.3.1/noswarm,12231,0.212520593081,0.148606811146,0.130412633724
/nfs/eecs-fserv/share/alipour/spidermonkey_experiment/DATA3/9/roundroubin.4.1/halfswarm,16021,0.189083820663,0.148606811146,0.128884360672
/nfs/eecs-fserv/share/alipour/spidermonkey_experiment/DATA3/9/roundroubin.4.1/nosup,16021,0.149446494465,0.148606811146,0.128884360672
/nfs/eecs-fserv/share/alipour/spidermonkey_experiment/DATA3/9/roundroubin.4.1/noswarm,16021,0.989361702128,0.148606811146,0.128884360672
/nfs/eecs-fserv/share/alipour/spidermonkey_experiment/DATA3/10/roundroubin.0.1/halfswarm,18774,0.675749318801,0.307692307692,0.268274302939
/nfs/eecs-fserv/share/alipour/spidermonkey_experiment/DATA3/10/roundroubin.0.1/nosup,18774,0.396325459318,0.307692307692,0.268274302939
/nfs/eecs-fserv/share/alipour/spidermonkey_experiment/DATA3/10/roundroubin.0.1/noswarm,18774,1.0,0.307692307692,0.268274302939
/nfs/eecs-fserv/share/alipour/spidermonkey_experiment/DATA3/10/roundroubin.1.1/halfswarm,21455,0.244956772334,0.139423076923,0.155990957046
/nfs/eecs-fserv/share/alipour/spidermonkey_experiment/DATA3/10/roundroubin.1.1/nosup,21455,0.225,0.139423076923,0.155990957046
/nfs/eecs-fserv/share/alipour/spidermonkey_experiment/DATA3/10/roundroubin.2.1/halfswarm,18857,0.69616519174,0.365384615385,0.284476262246
/nfs/eecs-fserv/share/alipour/spidermonkey_experiment/DATA3/10/roundroubin.2.1/nosup,18857,0.477011494253,0.365384615385,0.284476262246
/nfs/eecs-fserv/share/alipour/spidermonkey_experiment/DATA3/10/roundroubin.3.1/halfswarm,20060,0.0173410404624,0.201923076923,0.200828937453
/nfs/eecs-fserv/share/alipour/spidermonkey_experiment/DATA3/10/roundroubin.3.1/nosup,20060,0.0140449438202,0.201923076923,0.200828937453
/nfs/eecs-fserv/share/alipour/spidermonkey_experiment/DATA3/10/roundroubin.4.1/halfswarm,16033,0.215946843854,0.206730769231,0.129992464205
/nfs/eecs-fserv/share/alipour/spidermonkey_experiment/DATA3/10/roundroubin.4.1/nosup,16033,0.187096774194,0.206730769231,0.129992464205
/nfs/eecs-fserv/share/alipour/spidermonkey_experiment/DATA3/11/roundroubin.0.1/halfswarm,17985,0.758865248227,0.35092348285,0.297145769623
/nfs/eecs-fserv/share/alipour/spidermonkey_experiment/DATA3/11/roundroubin.0.1/nosup,17985,0.537735849057,0.35092348285,0.297145769623
/nfs/eecs-fserv/share/alipour/spidermonkey_experiment/DATA3/11/roundroubin.0.1/noswarm,17985,1.0,0.35092348285,0.297145769623
/nfs/eecs-fserv/share/alipour/spidermonkey_experiment/DATA3/11/roundroubin.1.1/halfswarm,22318,0.268929503916,0.139841688654,0.102956167176
/nfs/eecs-fserv/share/alipour/spidermonkey_experiment/DATA3/11/roundroubin.1.1/nosup,22318,0.128078817734,0.139841688654,0.102956167176
/nfs/eecs-fserv/share/alipour/spidermonkey_experiment/DATA3/11/roundroubin.2.1/halfswarm,16066,0.19313304721,0.0923482849604,0.140163098879
/nfs/eecs-fserv/share/alipour/spidermonkey_experiment/DATA3/11/roundroubin.2.1/nosup,16066,0.154506437768,0.0923482849604,0.140163098879
/nfs/eecs-fserv/share/alipour/spidermonkey_experiment/DATA3/11/roundroubin.3.1/halfswarm,16014,0.194690265487,0.0923482849604,0.140163098879
/nfs/eecs-fserv/share/alipour/spidermonkey_experiment/DATA3/11/roundroubin.3.1/nosup,16014,0.131465517241,0.0923482849604,0.140163098879
/nfs/eecs-fserv/share/alipour/spidermonkey_experiment/DATA3/11/roundroubin.4.1/halfswarm,16525,0.334792122538,0.189973614776,0.199286442406
/nfs/eecs-fserv/share/alipour/spidermonkey_experiment/DATA3/11/roundroubin.4.1/nosup,16525,0.192307692308,0.189973614776,0.199286442406
/nfs/eecs-fserv/share/alipour/spidermonkey_experiment/DATA3/13/roundroubin.0.1/halfswarm,20472,0.213541666667,0.119047619048,0.119309838473
/nfs/eecs-fserv/share/alipour/spidermonkey_experiment/DATA3/13/roundroubin.0.1/nosup,20472,0.213310580205,0.119047619048,0.119309838473
/nfs/eecs-fserv/share/alipour/spidermonkey_experiment/DATA3/13/roundroubin.1.1/halfswarm,15971,0.210131332083,0.101731601732,0.113069016153
/nfs/eecs-fserv/share/alipour/spidermonkey_experiment/DATA3/13/roundroubin.1.1/nosup,15971,0.117328519856,0.101731601732,0.113069016153
/nfs/eecs-fserv/share/alipour/spidermonkey_experiment/DATA3/13/roundroubin.2.1/halfswarm,20149,0.704301075269,0.225108225108,0.190895741557
/nfs/eecs-fserv/share/alipour/spidermonkey_experiment/DATA3/13/roundroubin.2.1/nosup,20149,0.428825622776,0.225108225108,0.190895741557
/nfs/eecs-fserv/share/alipour/spidermonkey_experiment/DATA3/13/roundroubin.3.1/halfswarm,15945,0.227686703097,0.12987012987,0.134728340675
/nfs/eecs-fserv/share/alipour/spidermonkey_experiment/DATA3/13/roundroubin.3.1/nosup,15945,0.145421903052,0.12987012987,0.134728340675
/nfs/eecs-fserv/share/alipour/spidermonkey_experiment/DATA3/13/roundroubin.4.1/halfswarm,16043,0.240079365079,0.12987012987,0.134728340675
/nfs/eecs-fserv/share/alipour/spidermonkey_experiment/DATA3/13/roundroubin.4.1/nosup,16043,0.179389312977,0.12987012987,0.134728340675
/nfs/eecs-fserv/share/alipour/spidermonkey_experiment/DATA3/14/roundroubin.0.1/halfswarm,20323,0.0990415335463,0.282051282051,0.283844427823
/nfs/eecs-fserv/share/alipour/spidermonkey_experiment/DATA3/14/roundroubin.0.1/nosup,20323,0.0522875816993,0.282051282051,0.283844427823
/nfs/eecs-fserv/share/alipour/spidermonkey_experiment/DATA3/14/roundroubin.1.1/halfswarm,16020,0.256944444444,0.166666666667,0.11593118923
/nfs/eecs-fserv/share/alipour/spidermonkey_experiment/DATA3/14/roundroubin.1.1/nosup,16020,0.153333333333,0.166666666667,0.11593118923
/nfs/eecs-fserv/share/alipour/spidermonkey_experiment/DATA3/14/roundroubin.2.1/halfswarm,25037,0.0,0.205128205128,0.229244577412
/nfs/eecs-fserv/share/alipour/spidermonkey_experiment/DATA3/14/roundroubin.2.1/nosup,25037,0.0,0.205128205128,0.229244577412
/nfs/eecs-fserv/share/alipour/spidermonkey_experiment/DATA3/14/roundroubin.3.1/halfswarm,13098,0.482905982906,0.166666666667,0.166791323859
/nfs/eecs-fserv/share/alipour/spidermonkey_experiment/DATA3/14/roundroubin.3.1/nosup,13098,0.347826086957,0.166666666667,0.166791323859
/nfs/eecs-fserv/share/alipour/spidermonkey_experiment/DATA3/14/roundroubin.4.1/halfswarm,32052,0.262068965517,0.179487179487,0.148092744951
/nfs/eecs-fserv/share/alipour/spidermonkey_experiment/DATA3/14/roundroubin.4.1/nosup,32052,0.181208053691,0.179487179487,0.148092744951
/nfs/eecs-fserv/share/alipour/spidermonkey_experiment/DATA3/15/roundroubin.0.1/halfswarm,25785,0.203608247423,0.272084805654,0.248965776608
/nfs/eecs-fserv/share/alipour/spidermonkey_experiment/DATA3/15/roundroubin.0.1/nosup,25785,0.121212121212,0.272084805654,0.248965776608
/nfs/eecs-fserv/share/alipour/spidermonkey_experiment/DATA3/15/roundroubin.1.1/halfswarm,18139,0.0194444444444,0.226148409894,0.183527641971
/nfs/eecs-fserv/share/alipour/spidermonkey_experiment/DATA3/15/roundroubin.1.1/nosup,18139,0.0300546448087,0.226148409894,0.183527641971
/nfs/eecs-fserv/share/alipour/spidermonkey_experiment/DATA3/15/roundroubin.2.1/halfswarm,18219,0.0194444444444,0.243816254417,0.195186160211
/nfs/eecs-fserv/share/alipour/spidermonkey_experiment/DATA3/15/roundroubin.2.1/nosup,18219,0.0134408602151,0.243816254417,0.195186160211
/nfs/eecs-fserv/share/alipour/spidermonkey_experiment/DATA3/15/roundroubin.3.1/halfswarm,18137,0.0326409495549,0.226148409894,0.183527641971
/nfs/eecs-fserv/share/alipour/spidermonkey_experiment/DATA3/15/roundroubin.3.1/nosup,18137,0.0345821325648,0.226148409894,0.183527641971
/nfs/eecs-fserv/share/alipour/spidermonkey_experiment/DATA3/15/roundroubin.4.1/halfswarm,32462,0.334384858044,0.148409893993,0.121850319669
/nfs/eecs-fserv/share/alipour/spidermonkey_experiment/DATA3/15/roundroubin.4.1/nosup,32462,0.176829268293,0.148409893993,0.121850319669
/nfs/eecs-fserv/share/alipour/spidermonkey_experiment/DATA3/16/roundroubin.0.1/halfswarm,30400,0.20695970696,0.137142857143,0.138194798572
/nfs/eecs-fserv/share/alipour/spidermonkey_experiment/DATA3/16/roundroubin.0.1/nosup,30400,0.156040268456,0.137142857143,0.138194798572
/nfs/eecs-fserv/share/alipour/spidermonkey_experiment/DATA3/16/roundroubin.1.1/halfswarm,4401,0.325323475046,0.177142857143,0.163182049975
/nfs/eecs-fserv/share/alipour/spidermonkey_experiment/DATA3/16/roundroubin.1.1/nosup,4401,0.221590909091,0.177142857143,0.163182049975
/nfs/eecs-fserv/share/alipour/spidermonkey_experiment/DATA3/16/roundroubin.2.1/halfswarm,18465,0.0390143737166,0.188571428571,0.191228964814
/nfs/eecs-fserv/share/alipour/spidermonkey_experiment/DATA3/16/roundroubin.2.1/nosup,18465,0.0236087689713,0.188571428571,0.191228964814
/nfs/eecs-fserv/share/alipour/spidermonkey_experiment/DATA3/16/roundroubin.3.1/halfswarm,3200,0.1456,0.0838095238095,0.121876593575
/nfs/eecs-fserv/share/alipour/spidermonkey_experiment/DATA3/16/roundroubin.3.1/nosup,3200,0.117829457364,0.0838095238095,0.121876593575
/nfs/eecs-fserv/share/alipour/spidermonkey_experiment/DATA3/16/roundroubin.4.1/halfswarm,30964,0.0966666666667,0.15619047619,0.158592554819
/nfs/eecs-fserv/share/alipour/spidermonkey_experiment/DATA3/16/roundroubin.4.1/nosup,30964,0.0912052117264,0.15619047619,0.158592554819
/nfs/eecs-fserv/share/alipour/spidermonkey_experiment/DATA3/17/roundroubin.0.1/halfswarm,15644,0.157894736842,0.205405405405,0.17981489643
/nfs/eecs-fserv/share/alipour/spidermonkey_experiment/DATA3/17/roundroubin.0.1/nosup,15644,0.083904109589,0.205405405405,0.17981489643
/nfs/eecs-fserv/share/alipour/spidermonkey_experiment/DATA3/17/roundroubin.1.1/halfswarm,9556,0.251712328767,0.322522522523,0.275451740855
/nfs/eecs-fserv/share/alipour/spidermonkey_experiment/DATA3/17/roundroubin.1.1/nosup,9556,0.28355704698,0.322522522523,0.275451740855
/nfs/eecs-fserv/share/alipour/spidermonkey_experiment/DATA3/17/roundroubin.2.1/halfswarm,20326,0.0810810810811,0.279279279279,0.295724988982
/nfs/eecs-fserv/share/alipour/spidermonkey_experiment/DATA3/17/roundroubin.2.1/nosup,20326,0.0389170896785,0.279279279279,0.295724988982
/nfs/eecs-fserv/share/alipour/spidermonkey_experiment/DATA3/17/roundroubin.3.1/halfswarm,21395,0.289682539683,0.201801801802,0.207139709123
/nfs/eecs-fserv/share/alipour/spidermonkey_experiment/DATA3/17/roundroubin.3.1/nosup,21395,0.271119842829,0.201801801802,0.207139709123
/nfs/eecs-fserv/share/alipour/spidermonkey_experiment/DATA3/17/roundroubin.4.1/halfswarm,30965,0.143209876543,0.169369369369,0.207139709123
/nfs/eecs-fserv/share/alipour/spidermonkey_experiment/DATA3/17/roundroubin.4.1/nosup,30965,0.136138613861,0.169369369369,0.207139709123
/nfs/eecs-fserv/share/alipour/spidermonkey_experiment/DATA3/18/roundroubin.0.1/halfswarm,8881,0.00712589073634,0.101123595506,0.104997192588
/nfs/eecs-fserv/share/alipour/spidermonkey_experiment/DATA3/18/roundroubin.0.1/nosup,8881,0.0161662817552,0.101123595506,0.104997192588
/nfs/eecs-fserv/share/alipour/spidermonkey_experiment/DATA3/18/roundroubin.1.1/halfswarm,18771,0.654822335025,0.317415730337,0.263335204941
/nfs/eecs-fserv/share/alipour/spidermonkey_experiment/DATA3/18/roundroubin.1.1/nosup,18771,0.393564356436,0.317415730337,0.263335204941
/nfs/eecs-fserv/share/alipour/spidermonkey_experiment/DATA3/18/roundroubin.2.1/halfswarm,20552,0.0,0.168539325843,0.137001684447
/nfs/eecs-fserv/share/alipour/spidermonkey_experiment/DATA3/18/roundroubin.2.1/nosup,20552,0.0,0.168539325843,0.137001684447
/nfs/eecs-fserv/share/alipour/spidermonkey_experiment/DATA3/18/roundroubin.3.1/halfswarm,18766,0.617414248021,0.317415730337,0.263335204941
/nfs/eecs-fserv/share/alipour/spidermonkey_experiment/DATA3/18/roundroubin.3.1/nosup,18766,0.384020618557,0.317415730337,0.263335204941
/nfs/eecs-fserv/share/alipour/spidermonkey_experiment/DATA3/18/roundroubin.4.1/halfswarm,16863,0.144414168937,0.238764044944,0.229084783829
/nfs/eecs-fserv/share/alipour/spidermonkey_experiment/DATA3/18/roundroubin.4.1/nosup,16863,0.0986666666667,0.238764044944,0.229084783829
/nfs/eecs-fserv/share/alipour/spidermonkey_experiment/DATA3/19/roundroubin.0.1/halfswarm,15858,0.182044887781,0.225609756098,0.18202247191
/nfs/eecs-fserv/share/alipour/spidermonkey_experiment/DATA3/19/roundroubin.0.1/nosup,15858,0.139705882353,0.225609756098,0.18202247191
/nfs/eecs-fserv/share/alipour/spidermonkey_experiment/DATA3/19/roundroubin.1.1/halfswarm,8126,0.228650137741,0.134146341463,0.193820224719
/nfs/eecs-fserv/share/alipour/spidermonkey_experiment/DATA3/19/roundroubin.1.1/nosup,8126,0.208672086721,0.134146341463,0.193820224719
/nfs/eecs-fserv/share/alipour/spidermonkey_experiment/DATA3/19/roundroubin.2.1/halfswarm,25668,0.0382352941176,0.134146341463,0.130898876404
/nfs/eecs-fserv/share/alipour/spidermonkey_experiment/DATA3/19/roundroubin.2.1/nosup,25668,0.0383561643836,0.134146341463,0.130898876404
/nfs/eecs-fserv/share/alipour/spidermonkey_experiment/DATA3/19/roundroubin.3.1/halfswarm,15937,0.139275766017,0.155487804878,0.179775280899
/nfs/eecs-fserv/share/alipour/spidermonkey_experiment/DATA3/19/roundroubin.3.1/nosup,15937,0.0817438692098,0.155487804878,0.179775280899
/nfs/eecs-fserv/share/alipour/spidermonkey_experiment/DATA3/19/roundroubin.4.1/halfswarm,32172,0.144886363636,0.164634146341,0.199438202247
/nfs/eecs-fserv/share/alipour/spidermonkey_experiment/DATA3/19/roundroubin.4.1/nosup,32172,0.11581920904,0.164634146341,0.199438202247
/nfs/eecs-fserv/share/alipour/spidermonkey_experiment/DATA3/20/roundroubin.0.1/halfswarm,3311,0.216145833333,0.0901162790698,0.109873793615
/nfs/eecs-fserv/share/alipour/spidermonkey_experiment/DATA3/20/roundroubin.0.1/nosup,3311,0.139896373057,0.0901162790698,0.109873793615
/nfs/eecs-fserv/share/alipour/spidermonkey_experiment/DATA3/20/roundroubin.1.1/halfswarm,18849,0.693370165746,0.322674418605,0.280994803267
/nfs/eecs-fserv/share/alipour/spidermonkey_experiment/DATA3/20/roundroubin.1.1/nosup,18849,0.461956521739,0.322674418605,0.280994803267
/nfs/eecs-fserv/share/alipour/spidermonkey_experiment/DATA3/20/roundroubin.2.1/halfswarm,15633,0.287356321839,0.0959302325581,0.124721603563
/nfs/eecs-fserv/share/alipour/spidermonkey_experiment/DATA3/20/roundroubin.2.1/nosup,15633,0.160563380282,0.0959302325581,0.124721603563
/nfs/eecs-fserv/share/alipour/spidermonkey_experiment/DATA3/20/roundroubin.3.1/halfswarm,21324,0.428152492669,0.142441860465,0.131774313289
/nfs/eecs-fserv/share/alipour/spidermonkey_experiment/DATA3/20/roundroubin.3.1/nosup,21324,0.258620689655,0.142441860465,0.131774313289
/nfs/eecs-fserv/share/alipour/spidermonkey_experiment/DATA3/20/roundroubin.4.1/halfswarm,32463,0.477876106195,0.119186046512,0.110987379362
/nfs/eecs-fserv/share/alipour/spidermonkey_experiment/DATA3/20/roundroubin.4.1/nosup,32463,0.201101928375,0.119186046512,0.110987379362
/nfs/eecs-fserv/share/alipour/spidermonkey_experiment/DATA3/21/roundroubin.0.1/halfswarm,13256,0.56380952381,0.21325648415,0.208750463478
/nfs/eecs-fserv/share/alipour/spidermonkey_experiment/DATA3/21/roundroubin.0.1/nosup,13256,0.33908045977,0.21325648415,0.208750463478
/nfs/eecs-fserv/share/alipour/spidermonkey_experiment/DATA3/21/roundroubin.1.1/halfswarm,26553,0.376299376299,0.187319884726,0.153133110864
/nfs/eecs-fserv/share/alipour/spidermonkey_experiment/DATA3/21/roundroubin.1.1/nosup,26553,0.198757763975,0.187319884726,0.153133110864
/nfs/eecs-fserv/share/alipour/spidermonkey_experiment/DATA3/21/roundroubin.1.1/noswarm,26553,1.0,0.187319884726,0.153133110864
/nfs/eecs-fserv/share/alipour/spidermonkey_experiment/DATA3/21/roundroubin.2.1/halfswarm,21025,0.284444444444,0.219020172911,0.225435669262
/nfs/eecs-fserv/share/alipour/spidermonkey_experiment/DATA3/21/roundroubin.2.1/nosup,21025,0.304166666667,0.219020172911,0.225435669262
/nfs/eecs-fserv/share/alipour/spidermonkey_experiment/DATA3/21/roundroubin.3.1/halfswarm,18204,0.326876513317,0.293948126801,0.251761216166
/nfs/eecs-fserv/share/alipour/spidermonkey_experiment/DATA3/21/roundroubin.3.1/nosup,18204,0.228571428571,0.293948126801,0.251761216166
/nfs/eecs-fserv/share/alipour/spidermonkey_experiment/DATA3/21/roundroubin.4.1/halfswarm,30473,0.2,0.135446685879,0.134223210975
/nfs/eecs-fserv/share/alipour/spidermonkey_experiment/DATA3/21/roundroubin.4.1/nosup,30473,0.186567164179,0.135446685879,0.134223210975
/nfs/eecs-fserv/share/alipour/spidermonkey_experiment/DATA3/21/roundroubin.0.1/halfswarm,13256,0.56380952381,0.21325648415,0.208750463478
/nfs/eecs-fserv/share/alipour/spidermonkey_experiment/DATA3/21/roundroubin.0.1/nosup,13256,0.33908045977,0.21325648415,0.208750463478
/nfs/eecs-fserv/share/alipour/spidermonkey_experiment/DATA3/21/roundroubin.1.1/halfswarm,26553,0.376299376299,0.187319884726,0.153133110864
/nfs/eecs-fserv/share/alipour/spidermonkey_experiment/DATA3/21/roundroubin.1.1/nosup,26553,0.198757763975,0.187319884726,0.153133110864
/nfs/eecs-fserv/share/alipour/spidermonkey_experiment/DATA3/21/roundroubin.1.1/noswarm,26553,1.0,0.187319884726,0.153133110864
/nfs/eecs-fserv/share/alipour/spidermonkey_experiment/DATA3/21/roundroubin.2.1/halfswarm,21025,0.284444444444,0.219020172911,0.225435669262
/nfs/eecs-fserv/share/alipour/spidermonkey_experiment/DATA3/21/roundroubin.2.1/nosup,21025,0.304166666667,0.219020172911,0.225435669262
/nfs/eecs-fserv/share/alipour/spidermonkey_experiment/DATA3/21/roundroubin.3.1/halfswarm,18204,0.326876513317,0.293948126801,0.251761216166
/nfs/eecs-fserv/share/alipour/spidermonkey_experiment/DATA3/21/roundroubin.3.1/nosup,18204,0.228571428571,0.293948126801,0.251761216166
/nfs/eecs-fserv/share/alipour/spidermonkey_experiment/DATA3/21/roundroubin.4.1/halfswarm,30473,0.2,0.135446685879,0.134223210975
/nfs/eecs-fserv/share/alipour/spidermonkey_experiment/DATA3/21/roundroubin.4.1/nosup,30473,0.186567164179,0.135446685879,0.134223210975
/nfs/eecs-fserv/share/alipour/spidermonkey_experiment/DATA3/24/roundroubin.0.1/halfswarm,14885,0.247572815534,0.244444444444,0.220460358056
/nfs/eecs-fserv/share/alipour/spidermonkey_experiment/DATA3/24/roundroubin.0.1/nosup,14885,0.280373831776,0.244444444444,0.220460358056
/nfs/eecs-fserv/share/alipour/spidermonkey_experiment/DATA3/24/roundroubin.1.1/halfswarm,10013,0.00252525252525,0.123456790123,0.116624040921
/nfs/eecs-fserv/share/alipour/spidermonkey_experiment/DATA3/24/roundroubin.1.1/nosup,10013,0.0125313283208,0.123456790123,0.116624040921
/nfs/eecs-fserv/share/alipour/spidermonkey_experiment/DATA3/24/roundroubin.2.1/halfswarm,18847,0.747899159664,0.340740740741,0.285933503836
/nfs/eecs-fserv/share/alipour/spidermonkey_experiment/DATA3/24/roundroubin.2.1/nosup,18847,0.535564853556,0.340740740741,0.285933503836
/nfs/eecs-fserv/share/alipour/spidermonkey_experiment/DATA3/24/roundroubin.3.1/halfswarm,32470,0.371002132196,0.113580246914,0.116112531969
/nfs/eecs-fserv/share/alipour/spidermonkey_experiment/DATA3/24/roundroubin.3.1/nosup,32470,0.213983050847,0.113580246914,0.116112531969
/nfs/eecs-fserv/share/alipour/spidermonkey_experiment/DATA3/24/roundroubin.4.1/halfswarm,18829,0.762637362637,0.340740740741,0.285933503836
/nfs/eecs-fserv/share/alipour/spidermonkey_experiment/DATA3/24/roundroubin.4.1/nosup,18829,0.480686695279,0.340740740741,0.285933503836
/nfs/eecs-fserv/share/alipour/spidermonkey_experiment/DATA3/26/roundroubin.0.1/halfswarm,18653,0.224555735057,0.276288659794,0.264074074074
/nfs/eecs-fserv/share/alipour/spidermonkey_experiment/DATA3/26/roundroubin.0.1/nosup,18653,0.158833063209,0.276288659794,0.264074074074
/nfs/eecs-fserv/share/alipour/spidermonkey_experiment/DATA3/26/roundroubin.1.1/halfswarm,18845,0.800362976407,0.354639175258,0.283333333333
/nfs/eecs-fserv/share/alipour/spidermonkey_experiment/DATA3/26/roundroubin.1.1/nosup,18845,0.578947368421,0.354639175258,0.283333333333
/nfs/eecs-fserv/share/alipour/spidermonkey_experiment/DATA3/26/roundroubin.2.1/halfswarm,8884,0.0170357751278,0.146391752577,0.148148148148
/nfs/eecs-fserv/share/alipour/spidermonkey_experiment/DATA3/26/roundroubin.2.1/nosup,8884,0.023102310231,0.146391752577,0.148148148148
/nfs/eecs-fserv/share/alipour/spidermonkey_experiment/DATA3/26/roundroubin.3.1/halfswarm,18866,0.00350877192982,0.171134020619,0.161851851852
/nfs/eecs-fserv/share/alipour/spidermonkey_experiment/DATA3/26/roundroubin.3.1/nosup,18866,0.00853242320819,0.171134020619,0.161851851852
/nfs/eecs-fserv/share/alipour/spidermonkey_experiment/DATA3/26/roundroubin.4.1/halfswarm,27762,0.402277039848,0.119587628866,0.105555555556
/nfs/eecs-fserv/share/alipour/spidermonkey_experiment/DATA3/26/roundroubin.4.1/nosup,27762,0.186813186813,0.119587628866,0.105555555556
/nfs/eecs-fserv/share/alipour/spidermonkey_experiment/DATA3/27/roundroubin.0.1/halfswarm,13445,0.404388714734,0.163265306122,0.111357750647
/nfs/eecs-fserv/share/alipour/spidermonkey_experiment/DATA3/27/roundroubin.0.1/nosup,13445,0.178247734139,0.163265306122,0.111357750647
/nfs/eecs-fserv/share/alipour/spidermonkey_experiment/DATA3/27/roundroubin.1.1/halfswarm,17115,0.302250803859,0.265306122449,0.282278949316
/nfs/eecs-fserv/share/alipour/spidermonkey_experiment/DATA3/27/roundroubin.1.1/nosup,17115,0.191082802548,0.265306122449,0.282278949316
/nfs/eecs-fserv/share/alipour/spidermonkey_experiment/DATA3/27/roundroubin.2.1/halfswarm,10554,0.21568627451,0.122448979592,0.10580836108
/nfs/eecs-fserv/share/alipour/spidermonkey_experiment/DATA3/27/roundroubin.2.1/nosup,10554,0.176282051282,0.122448979592,0.10580836108
/nfs/eecs-fserv/share/alipour/spidermonkey_experiment/DATA3/27/roundroubin.3.1/halfswarm,14909,0.15234375,0.204081632653,0.160932297447
/nfs/eecs-fserv/share/alipour/spidermonkey_experiment/DATA3/27/roundroubin.3.1/nosup,14909,0.188679245283,0.204081632653,0.160932297447
/nfs/eecs-fserv/share/alipour/spidermonkey_experiment/DATA3/27/roundroubin.4.1/halfswarm,2234,0.191176470588,0.122448979592,0.100258971513
/nfs/eecs-fserv/share/alipour/spidermonkey_experiment/DATA3/27/roundroubin.4.1/nosup,2234,0.160583941606,0.122448979592,0.100258971513
/nfs/eecs-fserv/share/alipour/spidermonkey_experiment/DATA3/28/roundroubin.0.1/halfswarm,21025,0.256179775281,0.244252873563,0.214259190494
/nfs/eecs-fserv/share/alipour/spidermonkey_experiment/DATA3/28/roundroubin.0.1/nosup,21025,0.277533039648,0.244252873563,0.214259190494
/nfs/eecs-fserv/share/alipour/spidermonkey_experiment/DATA3/28/roundroubin.1.1/halfswarm,17123,0.315789473684,0.287356321839,0.297437801708
/nfs/eecs-fserv/share/alipour/spidermonkey_experiment/DATA3/28/roundroubin.1.1/nosup,17123,0.221445221445,0.287356321839,0.297437801708
/nfs/eecs-fserv/share/alipour/spidermonkey_experiment/DATA3/28/roundroubin.2.1/halfswarm,19627,0.734966592428,0.270114942529,0.232083178611
/nfs/eecs-fserv/share/alipour/spidermonkey_experiment/DATA3/28/roundroubin.2.1/nosup,19627,0.309734513274,0.270114942529,0.232083178611
/nfs/eecs-fserv/share/alipour/spidermonkey_experiment/DATA3/28/roundroubin.3.1/halfswarm,32381,0.401554404145,0.26724137931,0.222057185295
/nfs/eecs-fserv/share/alipour/spidermonkey_experiment/DATA3/28/roundroubin.3.1/nosup,32381,0.29262086514,0.26724137931,0.222057185295
/nfs/eecs-fserv/share/alipour/spidermonkey_experiment/DATA3/28/roundroubin.4.1/halfswarm,14799,0.407103825137,0.100574712644,0.118826587449
/nfs/eecs-fserv/share/alipour/spidermonkey_experiment/DATA3/28/roundroubin.4.1/nosup,14799,0.224376731302,0.100574712644,0.118826587449
/nfs/eecs-fserv/share/alipour/spidermonkey_experiment/DATA3/29/roundroubin.0.1/halfswarm,19626,0.641456582633,0.272972972973,0.209922251018
/nfs/eecs-fserv/share/alipour/spidermonkey_experiment/DATA3/29/roundroubin.0.1/nosup,19626,0.295580110497,0.272972972973,0.209922251018
/nfs/eecs-fserv/share/alipour/spidermonkey_experiment/DATA3/29/roundroubin.1.1/halfswarm,15655,0.281345565749,0.294594594595,0.272121436505
/nfs/eecs-fserv/share/alipour/spidermonkey_experiment/DATA3/29/roundroubin.1.1/nosup,15655,0.149253731343,0.294594594595,0.272121436505
/nfs/eecs-fserv/share/alipour/spidermonkey_experiment/DATA3/29/roundroubin.2.1/halfswarm,18459,0.566765578635,0.208108108108,0.19511292114
/nfs/eecs-fserv/share/alipour/spidermonkey_experiment/DATA3/29/roundroubin.2.1/nosup,18459,0.303468208092,0.208108108108,0.19511292114
/nfs/eecs-fserv/share/alipour/spidermonkey_experiment/DATA3/29/roundroubin.3.1/halfswarm,16061,0.246987951807,0.0891891891892,0.124768604221
/nfs/eecs-fserv/share/alipour/spidermonkey_experiment/DATA3/29/roundroubin.3.1/nosup,16061,0.15512465374,0.0891891891892,0.124768604221
/nfs/eecs-fserv/share/alipour/spidermonkey_experiment/DATA3/29/roundroubin.3.1/noswarm,16061,0.903903903904,0.0891891891892,0.124768604221
/nfs/eecs-fserv/share/alipour/spidermonkey_experiment/DATA3/29/roundroubin.4.1/halfswarm,18273,0.307692307692,0.243243243243,0.183265457238
/nfs/eecs-fserv/share/alipour/spidermonkey_experiment/DATA3/29/roundroubin.4.1/nosup,18273,0.174846625767,0.243243243243,0.183265457238
/nfs/eecs-fserv/share/alipour/spidermonkey_experiment/DATA3/30/roundroubin.0.1/halfswarm,16074,0.305732484076,0.125683060109,0.133543165468
/nfs/eecs-fserv/share/alipour/spidermonkey_experiment/DATA3/30/roundroubin.0.1/nosup,16074,0.217755443886,0.125683060109,0.133543165468
/nfs/eecs-fserv/share/alipour/spidermonkey_experiment/DATA3/30/roundroubin.0.1/noswarm,16074,0.963549920761,0.125683060109,0.133543165468
/nfs/eecs-fserv/share/alipour/spidermonkey_experiment/DATA3/30/roundroubin.1.1/halfswarm,18656,0.132743362832,0.322404371585,0.268435251799
/nfs/eecs-fserv/share/alipour/spidermonkey_experiment/DATA3/30/roundroubin.1.1/nosup,18656,0.132978723404,0.322404371585,0.268435251799
/nfs/eecs-fserv/share/alipour/spidermonkey_experiment/DATA3/30/roundroubin.2.1/halfswarm,19156,0.110743801653,0.16393442623,0.150179856115
/nfs/eecs-fserv/share/alipour/spidermonkey_experiment/DATA3/30/roundroubin.2.1/nosup,19156,0.064308681672,0.16393442623,0.150179856115
/nfs/eecs-fserv/share/alipour/spidermonkey_experiment/DATA3/30/roundroubin.3.1/halfswarm,4405,0.310408921933,0.174863387978,0.169964028777
/nfs/eecs-fserv/share/alipour/spidermonkey_experiment/DATA3/30/roundroubin.3.1/nosup,4405,0.22467771639,0.174863387978,0.169964028777
/nfs/eecs-fserv/share/alipour/spidermonkey_experiment/DATA3/30/roundroubin.4.1/halfswarm,24574,0.275053304904,0.114754098361,0.10071942446
/nfs/eecs-fserv/share/alipour/spidermonkey_experiment/DATA3/30/roundroubin.4.1/nosup,24574,0.184154175589,0.114754098361,0.10071942446
/nfs/eecs-fserv/share/alipour/spidermonkey_experiment/DATA3/31/roundroubin.0.1/halfswarm,19004,0.0500894454383,0.260456273764,0.24852998824
/nfs/eecs-fserv/share/alipour/spidermonkey_experiment/DATA3/31/roundroubin.0.1/nosup,19004,0.0439367311072,0.260456273764,0.24852998824
/nfs/eecs-fserv/share/alipour/spidermonkey_experiment/DATA3/31/roundroubin.1.1/halfswarm,25044,0.0,0.268060836502,0.230105840847
/nfs/eecs-fserv/share/alipour/spidermonkey_experiment/DATA3/31/roundroubin.1.1/nosup,25044,0.0,0.268060836502,0.230105840847
/nfs/eecs-fserv/share/alipour/spidermonkey_experiment/DATA3/31/roundroubin.2.1/halfswarm,16009,0.211832061069,0.155893536122,0.127401019208
/nfs/eecs-fserv/share/alipour/spidermonkey_experiment/DATA3/31/roundroubin.2.1/nosup,16009,0.146567717996,0.155893536122,0.127401019208
/nfs/eecs-fserv/share/alipour/spidermonkey_experiment/DATA3/31/roundroubin.3.1/halfswarm,23949,0.264227642276,0.1463878327,0.157977263818
/nfs/eecs-fserv/share/alipour/spidermonkey_experiment/DATA3/31/roundroubin.3.1/nosup,23949,0.212723658052,0.1463878327,0.157977263818
/nfs/eecs-fserv/share/alipour/spidermonkey_experiment/DATA3/31/roundroubin.4.1/halfswarm,15890,0.133470225873,0.17680608365,0.180321442572
/nfs/eecs-fserv/share/alipour/spidermonkey_experiment/DATA3/31/roundroubin.4.1/nosup,15890,0.0909090909091,0.17680608365,0.180321442572
/nfs/eecs-fserv/share/alipour/spidermonkey_experiment/DATA3/32/roundroubin.0.1/halfswarm,18150,0.0082304526749,0.16,0.191497659906
/nfs/eecs-fserv/share/alipour/spidermonkey_experiment/DATA3/32/roundroubin.0.1/nosup,18150,0.0367346938776,0.16,0.191497659906
/nfs/eecs-fserv/share/alipour/spidermonkey_experiment/DATA3/32/roundroubin.0.1/noswarm,18150,0.0702479338843,0.16,0.191497659906
/nfs/eecs-fserv/share/alipour/spidermonkey_experiment/DATA3/32/roundroubin.1.1/halfswarm,23950,0.284482758621,0.146666666667,0.163026521061
/nfs/eecs-fserv/share/alipour/spidermonkey_experiment/DATA3/32/roundroubin.1.1/nosup,23950,0.202898550725,0.146666666667,0.163026521061
/nfs/eecs-fserv/share/alipour/spidermonkey_experiment/DATA3/32/roundroubin.2.1/halfswarm,21993,0.679245283019,0.213333333333,0.238299531981
/nfs/eecs-fserv/share/alipour/spidermonkey_experiment/DATA3/32/roundroubin.2.1/nosup,21993,0.496296296296,0.213333333333,0.238299531981
/nfs/eecs-fserv/share/alipour/spidermonkey_experiment/DATA3/32/roundroubin.3.1/halfswarm,20649,0.547008547009,0.266666666667,0.255850234009
/nfs/eecs-fserv/share/alipour/spidermonkey_experiment/DATA3/32/roundroubin.3.1/nosup,20649,0.305785123967,0.266666666667,0.255850234009
/nfs/eecs-fserv/share/alipour/spidermonkey_experiment/DATA3/32/roundroubin.4.1/halfswarm,14661,0.0454545454545,0.186666666667,0.138065522621
/nfs/eecs-fserv/share/alipour/spidermonkey_experiment/DATA3/32/roundroubin.4.1/nosup,14661,0.089552238806,0.186666666667,0.138065522621
/nfs/eecs-fserv/share/alipour/spidermonkey_experiment/DATA3/32/roundroubin.0.1/halfswarm,18150,0.0082304526749,0.16,0.191497659906
/nfs/eecs-fserv/share/alipour/spidermonkey_experiment/DATA3/32/roundroubin.0.1/nosup,18150,0.0367346938776,0.16,0.191497659906
/nfs/eecs-fserv/share/alipour/spidermonkey_experiment/DATA3/32/roundroubin.0.1/noswarm,18150,0.0702479338843,0.16,0.191497659906
/nfs/eecs-fserv/share/alipour/spidermonkey_experiment/DATA3/32/roundroubin.1.1/halfswarm,23950,0.284482758621,0.146666666667,0.163026521061
/nfs/eecs-fserv/share/alipour/spidermonkey_experiment/DATA3/32/roundroubin.1.1/nosup,23950,0.202898550725,0.146666666667,0.163026521061
/nfs/eecs-fserv/share/alipour/spidermonkey_experiment/DATA3/32/roundroubin.2.1/halfswarm,21993,0.679245283019,0.213333333333,0.238299531981
/nfs/eecs-fserv/share/alipour/spidermonkey_experiment/DATA3/32/roundroubin.2.1/nosup,21993,0.496296296296,0.213333333333,0.238299531981
/nfs/eecs-fserv/share/alipour/spidermonkey_experiment/DATA3/32/roundroubin.3.1/halfswarm,20649,0.547008547009,0.266666666667,0.255850234009
/nfs/eecs-fserv/share/alipour/spidermonkey_experiment/DATA3/32/roundroubin.3.1/nosup,20649,0.305785123967,0.266666666667,0.255850234009
/nfs/eecs-fserv/share/alipour/spidermonkey_experiment/DATA3/32/roundroubin.4.1/halfswarm,14661,0.0454545454545,0.186666666667,0.138065522621
/nfs/eecs-fserv/share/alipour/spidermonkey_experiment/DATA3/32/roundroubin.4.1/nosup,14661,0.089552238806,0.186666666667,0.138065522621
/nfs/eecs-fserv/share/alipour/spidermonkey_experiment/DATA3/35/roundroubin.0.1/halfswarm,30916,0.4375,0.154574132492,0.181923522596
/nfs/eecs-fserv/share/alipour/spidermonkey_experiment/DATA3/35/roundroubin.0.1/nosup,30916,0.248484848485,0.154574132492,0.181923522596
/nfs/eecs-fserv/share/alipour/spidermonkey_experiment/DATA3/35/roundroubin.1.1/halfswarm,11486,0.130990415335,0.0820189274448,0.102356122055
/nfs/eecs-fserv/share/alipour/spidermonkey_experiment/DATA3/35/roundroubin.1.1/nosup,11486,0.0923566878981,0.0820189274448,0.102356122055
/nfs/eecs-fserv/share/alipour/spidermonkey_experiment/DATA3/35/roundroubin.2.1/halfswarm,16005,0.229508196721,0.145110410095,0.137891077636
/nfs/eecs-fserv/share/alipour/spidermonkey_experiment/DATA3/35/roundroubin.2.1/nosup,16005,0.169329073482,0.145110410095,0.137891077636
/nfs/eecs-fserv/share/alipour/spidermonkey_experiment/DATA3/35/roundroubin.3.1/halfswarm,16033,0.239436619718,0.145110410095,0.137891077636
/nfs/eecs-fserv/share/alipour/spidermonkey_experiment/DATA3/35/roundroubin.3.1/nosup,16033,0.143344709898,0.145110410095,0.137891077636
/nfs/eecs-fserv/share/alipour/spidermonkey_experiment/DATA3/35/roundroubin.4.1/halfswarm,18654,0.256944444444,0.293375394322,0.263035921205
/nfs/eecs-fserv/share/alipour/spidermonkey_experiment/DATA3/35/roundroubin.4.1/nosup,18654,0.152317880795,0.293375394322,0.263035921205
/nfs/eecs-fserv/share/alipour/spidermonkey_experiment/DATA3/36/roundroubin.0.1/halfswarm,2272,0.206225680934,0.138554216867,0.109230149133
/nfs/eecs-fserv/share/alipour/spidermonkey_experiment/DATA3/36/roundroubin.0.1/nosup,2272,0.178707224335,0.138554216867,0.109230149133
/nfs/eecs-fserv/share/alipour/spidermonkey_experiment/DATA3/36/roundroubin.1.1/halfswarm,18656,0.21568627451,0.310240963855,0.269649334946
/nfs/eecs-fserv/share/alipour/spidermonkey_experiment/DATA3/36/roundroubin.1.1/nosup,18656,0.185501066098,0.310240963855,0.269649334946
/nfs/eecs-fserv/share/alipour/spidermonkey_experiment/DATA3/36/roundroubin.2.1/halfswarm,15979,0.205128205128,0.135542168675,0.104796453043
/nfs/eecs-fserv/share/alipour/spidermonkey_experiment/DATA3/36/roundroubin.2.1/nosup,15979,0.136708860759,0.135542168675,0.104796453043
/nfs/eecs-fserv/share/alipour/spidermonkey_experiment/DATA3/36/roundroubin.3.1/halfswarm,12837,0.274143302181,0.168674698795,0.128980249899
/nfs/eecs-fserv/share/alipour/spidermonkey_experiment/DATA3/36/roundroubin.3.1/nosup,12837,0.178674351585,0.168674698795,0.128980249899
/nfs/eecs-fserv/share/alipour/spidermonkey_experiment/DATA3/36/roundroubin.4.1/halfswarm,32378,0.316666666667,0.210843373494,0.222087867795
/nfs/eecs-fserv/share/alipour/spidermonkey_experiment/DATA3/36/roundroubin.4.1/nosup,32378,0.333333333333,0.210843373494,0.222087867795
/nfs/eecs-fserv/share/alipour/spidermonkey_experiment/DATA3/37/roundroubin.0.1/halfswarm,14734,0.509401709402,0.277566539924,0.251466562378
/nfs/eecs-fserv/share/alipour/spidermonkey_experiment/DATA3/37/roundroubin.0.1/nosup,14734,0.318681318681,0.277566539924,0.251466562378
/nfs/eecs-fserv/share/alipour/spidermonkey_experiment/DATA3/37/roundroubin.1.1/halfswarm,12224,0.422680412371,0.1463878327,0.133359405553
/nfs/eecs-fserv/share/alipour/spidermonkey_experiment/DATA3/37/roundroubin.1.1/nosup,12224,0.26194398682,0.1463878327,0.133359405553
/nfs/eecs-fserv/share/alipour/spidermonkey_experiment/DATA3/37/roundroubin.2.1/halfswarm,18159,0.0461811722913,0.195817490494,0.203363316386
/nfs/eecs-fserv/share/alipour/spidermonkey_experiment/DATA3/37/roundroubin.2.1/nosup,18159,0.0344234079174,0.195817490494,0.203363316386
/nfs/eecs-fserv/share/alipour/spidermonkey_experiment/DATA3/37/roundroubin.3.1/halfswarm,21006,0.197718631179,0.174904942966,0.159561986703
/nfs/eecs-fserv/share/alipour/spidermonkey_experiment/DATA3/37/roundroubin.3.1/nosup,21006,0.223062381853,0.174904942966,0.159561986703
/nfs/eecs-fserv/share/alipour/spidermonkey_experiment/DATA3/37/roundroubin.4.1/halfswarm,24089,0.795112781955,0.264258555133,0.229565897536
/nfs/eecs-fserv/share/alipour/spidermonkey_experiment/DATA3/37/roundroubin.4.1/nosup,24089,0.466179159049,0.264258555133,0.229565897536
/nfs/eecs-fserv/share/alipour/spidermonkey_experiment/DATA3/38/roundroubin.0.1/halfswarm,13448,0.314285714286,0.0922509225092,0.105141090066
/nfs/eecs-fserv/share/alipour/spidermonkey_experiment/DATA3/38/roundroubin.0.1/nosup,13448,0.247386759582,0.0922509225092,0.105141090066
/nfs/eecs-fserv/share/alipour/spidermonkey_experiment/DATA3/38/roundroubin.1.1/halfswarm,27832,0.279166666667,0.09963099631,0.126401236954
/nfs/eecs-fserv/share/alipour/spidermonkey_experiment/DATA3/38/roundroubin.1.1/nosup,27832,0.223140495868,0.09963099631,0.126401236954
/nfs/eecs-fserv/share/alipour/spidermonkey_experiment/DATA3/38/roundroubin.2.1/halfswarm,20371,0.0,0.173431734317,0.178198685736
/nfs/eecs-fserv/share/alipour/spidermonkey_experiment/DATA3/38/roundroubin.2.1/nosup,20371,0.0122950819672,0.173431734317,0.178198685736
/nfs/eecs-fserv/share/alipour/spidermonkey_experiment/DATA3/38/roundroubin.3.1/halfswarm,30949,0.297397769517,0.132841328413,0.138770776962
/nfs/eecs-fserv/share/alipour/spidermonkey_experiment/DATA3/38/roundroubin.3.1/nosup,30949,0.184615384615,0.132841328413,0.138770776962
/nfs/eecs-fserv/share/alipour/spidermonkey_experiment/DATA3/38/roundroubin.3.1/noswarm,30949,1.0,0.132841328413,0.138770776962
/nfs/eecs-fserv/share/alipour/spidermonkey_experiment/DATA3/38/roundroubin.4.1/halfswarm,10609,0.301652892562,0.149446494465,0.153073057596
/nfs/eecs-fserv/share/alipour/spidermonkey_experiment/DATA3/38/roundroubin.4.1/nosup,10609,0.2,0.149446494465,0.153073057596
/nfs/eecs-fserv/share/alipour/spidermonkey_experiment/DATA3/39/roundroubin.0.1/halfswarm,15663,0.0223325062035,0.141361256545,0.122899663946
/nfs/eecs-fserv/share/alipour/spidermonkey_experiment/DATA3/39/roundroubin.0.1/nosup,15663,0.0290556900726,0.141361256545,0.122899663946
/nfs/eecs-fserv/share/alipour/spidermonkey_experiment/DATA3/39/roundroubin.1.1/halfswarm,18863,0.725888324873,0.350785340314,0.286125780125
/nfs/eecs-fserv/share/alipour/spidermonkey_experiment/DATA3/39/roundroubin.1.1/nosup,18863,0.46,0.350785340314,0.286125780125
/nfs/eecs-fserv/share/alipour/spidermonkey_experiment/DATA3/39/roundroubin.2.1/halfswarm,29941,0.37984496124,0.133507853403,0.129140662506
/nfs/eecs-fserv/share/alipour/spidermonkey_experiment/DATA3/39/roundroubin.2.1/nosup,29941,0.224747474747,0.133507853403,0.129140662506
/nfs/eecs-fserv/share/alipour/spidermonkey_experiment/DATA3/39/roundroubin.3.1/halfswarm,18210,0.341207349081,0.311518324607,0.205952952472
/nfs/eecs-fserv/share/alipour/spidermonkey_experiment/DATA3/39/roundroubin.3.1/nosup,18210,0.160526315789,0.311518324607,0.205952952472
/nfs/eecs-fserv/share/alipour/spidermonkey_experiment/DATA3/39/roundroubin.4.1/halfswarm,17991,0.719160104987,0.340314136126,0.299567930869
/nfs/eecs-fserv/share/alipour/spidermonkey_experiment/DATA3/39/roundroubin.4.1/nosup,17991,0.448717948718,0.340314136126,0.299567930869
/nfs/eecs-fserv/share/alipour/spidermonkey_experiment/DATA3/39/roundroubin.4.1/noswarm,17991,1.0,0.340314136126,0.299567930869
/nfs/eecs-fserv/share/alipour/spidermonkey_experiment/DATA3/39/roundroubin.0.1/halfswarm,15663,0.0223325062035,0.141361256545,0.122899663946
/nfs/eecs-fserv/share/alipour/spidermonkey_experiment/DATA3/39/roundroubin.0.1/nosup,15663,0.0290556900726,0.141361256545,0.122899663946
/nfs/eecs-fserv/share/alipour/spidermonkey_experiment/DATA3/39/roundroubin.1.1/halfswarm,18863,0.725888324873,0.350785340314,0.286125780125
/nfs/eecs-fserv/share/alipour/spidermonkey_experiment/DATA3/39/roundroubin.1.1/nosup,18863,0.46,0.350785340314,0.286125780125
/nfs/eecs-fserv/share/alipour/spidermonkey_experiment/DATA3/39/roundroubin.2.1/halfswarm,29941,0.37984496124,0.133507853403,0.129140662506
/nfs/eecs-fserv/share/alipour/spidermonkey_experiment/DATA3/39/roundroubin.2.1/nosup,29941,0.224747474747,0.133507853403,0.129140662506
/nfs/eecs-fserv/share/alipour/spidermonkey_experiment/DATA3/39/roundroubin.3.1/halfswarm,18210,0.341207349081,0.311518324607,0.205952952472
/nfs/eecs-fserv/share/alipour/spidermonkey_experiment/DATA3/39/roundroubin.3.1/nosup,18210,0.160526315789,0.311518324607,0.205952952472
/nfs/eecs-fserv/share/alipour/spidermonkey_experiment/DATA3/39/roundroubin.4.1/halfswarm,17991,0.719160104987,0.340314136126,0.299567930869
/nfs/eecs-fserv/share/alipour/spidermonkey_experiment/DATA3/39/roundroubin.4.1/nosup,17991,0.448717948718,0.340314136126,0.299567930869
/nfs/eecs-fserv/share/alipour/spidermonkey_experiment/DATA3/39/roundroubin.4.1/noswarm,17991,1.0,0.340314136126,0.299567930869
/nfs/eecs-fserv/share/alipour/spidermonkey_experiment/DATA3/42/roundroubin.0.1/halfswarm,9767,0.569117647059,0.164794007491,0.144600938967
/nfs/eecs-fserv/share/alipour/spidermonkey_experiment/DATA3/42/roundroubin.0.1/nosup,9767,0.257790368272,0.164794007491,0.144600938967
/nfs/eecs-fserv/share/alipour/spidermonkey_experiment/DATA3/42/roundroubin.1.1/halfswarm,18445,0.430194805195,0.196629213483,0.189201877934
/nfs/eecs-fserv/share/alipour/spidermonkey_experiment/DATA3/42/roundroubin.1.1/nosup,18445,0.338582677165,0.196629213483,0.189201877934
/nfs/eecs-fserv/share/alipour/spidermonkey_experiment/DATA3/42/roundroubin.2.1/halfswarm,15947,0.224832214765,0.129213483146,0.134741784038
/nfs/eecs-fserv/share/alipour/spidermonkey_experiment/DATA3/42/roundroubin.2.1/nosup,15947,0.129139072848,0.129213483146,0.134741784038
/nfs/eecs-fserv/share/alipour/spidermonkey_experiment/DATA3/42/roundroubin.3.1/halfswarm,30949,0.283050847458,0.123595505618,0.123474178404
/nfs/eecs-fserv/share/alipour/spidermonkey_experiment/DATA3/42/roundroubin.3.1/nosup,30949,0.166666666667,0.123595505618,0.123474178404
/nfs/eecs-fserv/share/alipour/spidermonkey_experiment/DATA3/42/roundroubin.3.1/noswarm,30949,1.0,0.123595505618,0.123474178404
/nfs/eecs-fserv/share/alipour/spidermonkey_experiment/DATA3/42/roundroubin.4.1/halfswarm,13433,0.388758782201,0.0973782771536,0.123943661972
/nfs/eecs-fserv/share/alipour/spidermonkey_experiment/DATA3/42/roundroubin.4.1/nosup,13433,0.247216035635,0.0973782771536,0.123943661972
/nfs/eecs-fserv/share/alipour/spidermonkey_experiment/DATA3/43/roundroubin.0.1/halfswarm,18822,0.781466113416,0.346504559271,0.283276450512
/nfs/eecs-fserv/share/alipour/spidermonkey_experiment/DATA3/43/roundroubin.0.1/nosup,18822,0.535666218035,0.346504559271,0.283276450512
/nfs/eecs-fserv/share/alipour/spidermonkey_experiment/DATA3/43/roundroubin.1.1/halfswarm,9998,0.235042735043,0.262917933131,0.216154721274
/nfs/eecs-fserv/share/alipour/spidermonkey_experiment/DATA3/43/roundroubin.1.1/nosup,9998,0.131687242798,0.262917933131,0.216154721274
/nfs/eecs-fserv/share/alipour/spidermonkey_experiment/DATA3/43/roundroubin.2.1/halfswarm,30937,0.427860696517,0.174772036474,0.16230565036
/nfs/eecs-fserv/share/alipour/spidermonkey_experiment/DATA3/43/roundroubin.2.1/nosup,30937,0.287480680062,0.174772036474,0.16230565036
/nfs/eecs-fserv/share/alipour/spidermonkey_experiment/DATA3/43/roundroubin.3.1/halfswarm,15935,0.182634730539,0.188449848024,0.181645809632
/nfs/eecs-fserv/share/alipour/spidermonkey_experiment/DATA3/43/roundroubin.3.1/nosup,15935,0.0992700729927,0.188449848024,0.181645809632
/nfs/eecs-fserv/share/alipour/spidermonkey_experiment/DATA3/43/roundroubin.4.1/halfswarm,18449,0.595993322204,0.217325227964,0.18771331058
/nfs/eecs-fserv/share/alipour/spidermonkey_experiment/DATA3/43/roundroubin.4.1/nosup,18449,0.41512345679,0.217325227964,0.18771331058
/nfs/eecs-fserv/share/alipour/spidermonkey_experiment/DATA3/44/roundroubin.0.1/halfswarm,16863,0.163461538462,0.247524752475,0.235294117647
/nfs/eecs-fserv/share/alipour/spidermonkey_experiment/DATA3/44/roundroubin.0.1/nosup,16863,0.0764331210191,0.247524752475,0.235294117647
/nfs/eecs-fserv/share/alipour/spidermonkey_experiment/DATA3/44/roundroubin.1.1/halfswarm,28492,0.186495176849,0.181518151815,0.210751850409
/nfs/eecs-fserv/share/alipour/spidermonkey_experiment/DATA3/44/roundroubin.1.1/nosup,28492,0.123417721519,0.181518151815,0.210751850409
/nfs/eecs-fserv/share/alipour/spidermonkey_experiment/DATA3/44/roundroubin.1.1/noswarm,28492,0.393548387097,0.181518151815,0.210751850409
/nfs/eecs-fserv/share/alipour/spidermonkey_experiment/DATA3/44/roundroubin.2.1/halfswarm,18210,0.016835016835,0.237623762376,0.213868328788
/nfs/eecs-fserv/share/alipour/spidermonkey_experiment/DATA3/44/roundroubin.2.1/nosup,18210,0.0229508196721,0.237623762376,0.213868328788
/nfs/eecs-fserv/share/alipour/spidermonkey_experiment/DATA3/44/roundroubin.3.1/halfswarm,3425,0.719424460432,0.313531353135,0.292559407869
/nfs/eecs-fserv/share/alipour/spidermonkey_experiment/DATA3/44/roundroubin.3.1/nosup,3425,0.467576791809,0.313531353135,0.292559407869
/nfs/eecs-fserv/share/alipour/spidermonkey_experiment/DATA3/44/roundroubin.4.1/halfswarm,30964,0.0992907801418,0.145214521452,0.166342033502
/nfs/eecs-fserv/share/alipour/spidermonkey_experiment/DATA3/44/roundroubin.4.1/nosup,30964,0.0622837370242,0.145214521452,0.166342033502
/nfs/eecs-fserv/share/alipour/spidermonkey_experiment/DATA3/45/roundroubin.0.1/halfswarm,13830,0.31847133758,0.215277777778,0.138111888112
/nfs/eecs-fserv/share/alipour/spidermonkey_experiment/DATA3/45/roundroubin.0.1/nosup,13830,0.173553719008,0.215277777778,0.138111888112
/nfs/eecs-fserv/share/alipour/spidermonkey_experiment/DATA3/45/roundroubin.1.1/halfswarm,16042,0.214022140221,0.152777777778,0.149184149184
/nfs/eecs-fserv/share/alipour/spidermonkey_experiment/DATA3/45/roundroubin.1.1/nosup,16042,0.140909090909,0.152777777778,0.149184149184
/nfs/eecs-fserv/share/alipour/spidermonkey_experiment/DATA3/45/roundroubin.1.1/noswarm,16042,0.0182648401826,0.152777777778,0.149184149184
/nfs/eecs-fserv/share/alipour/spidermonkey_experiment/DATA3/45/roundroubin.2.1/halfswarm,15891,0.127659574468,0.180555555556,0.183566433566
/nfs/eecs-fserv/share/alipour/spidermonkey_experiment/DATA3/45/roundroubin.2.1/nosup,15891,0.0668151447661,0.180555555556,0.183566433566
/nfs/eecs-fserv/share/alipour/spidermonkey_experiment/DATA3/45/roundroubin.3.1/halfswarm,22408,0.51724137931,0.298611111111,0.286713286713
/nfs/eecs-fserv/share/alipour/spidermonkey_experiment/DATA3/45/roundroubin.3.1/nosup,22408,0.348122866894,0.298611111111,0.286713286713
/nfs/eecs-fserv/share/alipour/spidermonkey_experiment/DATA3/45/roundroubin.4.1/halfswarm,15915,0.152173913043,0.180555555556,0.183566433566
/nfs/eecs-fserv/share/alipour/spidermonkey_experiment/DATA3/45/roundroubin.4.1/nosup,15915,0.0555555555556,0.180555555556,0.183566433566
/nfs/eecs-fserv/share/alipour/spidermonkey_experiment/DATA3/47/roundroubin.0.1/halfswarm,28489,0.124812030075,0.193460490463,0.187676653477
/nfs/eecs-fserv/share/alipour/spidermonkey_experiment/DATA3/47/roundroubin.0.1/nosup,28489,0.0987261146497,0.193460490463,0.187676653477
/nfs/eecs-fserv/share/alipour/spidermonkey_experiment/DATA3/47/roundroubin.1.1/halfswarm,19407,0.355048859935,0.114441416894,0.113058224986
/nfs/eecs-fserv/share/alipour/spidermonkey_experiment/DATA3/47/roundroubin.1.1/nosup,19407,0.19523099851,0.114441416894,0.113058224986
/nfs/eecs-fserv/share/alipour/spidermonkey_experiment/DATA3/47/roundroubin.2.1/halfswarm,32318,0.344733242134,0.264305177112,0.27755794234
/nfs/eecs-fserv/share/alipour/spidermonkey_experiment/DATA3/47/roundroubin.2.1/nosup,32318,0.297082228117,0.264305177112,0.27755794234
/nfs/eecs-fserv/share/alipour/spidermonkey_experiment/DATA3/47/roundroubin.3.1/halfswarm,16006,0.248927038627,0.155313351499,0.130582249859
/nfs/eecs-fserv/share/alipour/spidermonkey_experiment/DATA3/47/roundroubin.3.1/nosup,16006,0.20079787234,0.155313351499,0.130582249859
/nfs/eecs-fserv/share/alipour/spidermonkey_experiment/DATA3/47/roundroubin.4.1/halfswarm,22360,0.369024856597,0.155313351499,0.138496325608
/nfs/eecs-fserv/share/alipour/spidermonkey_experiment/DATA3/47/roundroubin.4.1/nosup,22360,0.204081632653,0.155313351499,0.138496325608
/nfs/eecs-fserv/share/alipour/spidermonkey_experiment/DATA3/48/roundroubin.0.1/halfswarm,23951,0.232273838631,0.150515463918,0.144595561918
/nfs/eecs-fserv/share/alipour/spidermonkey_experiment/DATA3/48/roundroubin.0.1/nosup,23951,0.200992555831,0.150515463918,0.144595561918
/nfs/eecs-fserv/share/alipour/spidermonkey_experiment/DATA3/48/roundroubin.1.1/halfswarm,20326,0.0785562632696,0.278350515464,0.288475304223
/nfs/eecs-fserv/share/alipour/spidermonkey_experiment/DATA3/48/roundroubin.1.1/nosup,20326,0.0410367170626,0.278350515464,0.288475304223
/nfs/eecs-fserv/share/alipour/spidermonkey_experiment/DATA3/48/roundroubin.2.1/halfswarm,22342,0.328260869565,0.144329896907,0.147458840372
/nfs/eecs-fserv/share/alipour/spidermonkey_experiment/DATA3/48/roundroubin.2.1/nosup,22342,0.214601769912,0.144329896907,0.147458840372
/nfs/eecs-fserv/share/alipour/spidermonkey_experiment/DATA3/48/roundroubin.3.1/halfswarm,12207,0.396103896104,0.140206185567,0.133858267717
/nfs/eecs-fserv/share/alipour/spidermonkey_experiment/DATA3/48/roundroubin.3.1/nosup,12207,0.196581196581,0.140206185567,0.133858267717
/nfs/eecs-fserv/share/alipour/spidermonkey_experiment/DATA3/48/roundroubin.4.1/halfswarm,19592,0.0703296703297,0.109278350515,0.11381531854
/nfs/eecs-fserv/share/alipour/spidermonkey_experiment/DATA3/48/roundroubin.4.1/nosup,19592,0.0326086956522,0.109278350515,0.11381531854
/nfs/eecs-fserv/share/alipour/spidermonkey_experiment/DATA3/49/roundroubin.0.1/halfswarm,20476,0.218954248366,0.134948096886,0.160074626866
/nfs/eecs-fserv/share/alipour/spidermonkey_experiment/DATA3/49/roundroubin.0.1/nosup,20476,0.244299674267,0.134948096886,0.160074626866
/nfs/eecs-fserv/share/alipour/spidermonkey_experiment/DATA3/49/roundroubin.1.1/halfswarm,9760,0.784246575342,0.321799307958,0.285074626866
/nfs/eecs-fserv/share/alipour/spidermonkey_experiment/DATA3/49/roundroubin.1.1/nosup,9760,0.53355704698,0.321799307958,0.285074626866
/nfs/eecs-fserv/share/alipour/spidermonkey_experiment/DATA3/49/roundroubin.2.1/halfswarm,15996,0.232081911263,0.162629757785,0.133208955224
/nfs/eecs-fserv/share/alipour/spidermonkey_experiment/DATA3/49/roundroubin.2.1/nosup,15996,0.150501672241,0.162629757785,0.133208955224
/nfs/eecs-fserv/share/alipour/spidermonkey_experiment/DATA3/49/roundroubin.3.1/halfswarm,12227,0.42238267148,0.152249134948,0.101492537313
/nfs/eecs-fserv/share/alipour/spidermonkey_experiment/DATA3/49/roundroubin.3.1/nosup,12227,0.207142857143,0.152249134948,0.101492537313
/nfs/eecs-fserv/share/alipour/spidermonkey_experiment/DATA3/49/roundroubin.4.1/halfswarm,28491,0.121527777778,0.179930795848,0.207462686567
/nfs/eecs-fserv/share/alipour/spidermonkey_experiment/DATA3/49/roundroubin.4.1/nosup,28491,0.125850340136,0.179930795848,0.207462686567
/nfs/eecs-fserv/share/alipour/spidermonkey_experiment/DATA3/50/roundroubin.0.1/halfswarm,15915,0.147169811321,0.155367231638,0.189330124348
/nfs/eecs-fserv/share/alipour/spidermonkey_experiment/DATA3/50/roundroubin.0.1/nosup,15915,0.0863039399625,0.155367231638,0.189330124348
/nfs/eecs-fserv/share/alipour/spidermonkey_experiment/DATA3/50/roundroubin.1.1/halfswarm,15963,0.158351409978,0.110169491525,0.102286401925
/nfs/eecs-fserv/share/alipour/spidermonkey_experiment/DATA3/50/roundroubin.1.1/nosup,15963,0.130063965885,0.110169491525,0.102286401925
/nfs/eecs-fserv/share/alipour/spidermonkey_experiment/DATA3/50/roundroubin.2.1/halfswarm,30916,0.472584856397,0.166666666667,0.163257119936
/nfs/eecs-fserv/share/alipour/spidermonkey_experiment/DATA3/50/roundroubin.2.1/nosup,30916,0.281329923274,0.166666666667,0.163257119936
/nfs/eecs-fserv/share/alipour/spidermonkey_experiment/DATA3/50/roundroubin.3.1/halfswarm,13131,0.394366197183,0.186440677966,0.166064981949
/nfs/eecs-fserv/share/alipour/spidermonkey_experiment/DATA3/50/roundroubin.3.1/nosup,13131,0.203947368421,0.186440677966,0.166064981949
/nfs/eecs-fserv/share/alipour/spidermonkey_experiment/DATA3/50/roundroubin.4.1/halfswarm,18939,0.68320610687,0.237288135593,0.21700762134
/nfs/eecs-fserv/share/alipour/spidermonkey_experiment/DATA3/50/roundroubin.4.1/nosup,18939,0.453183520599,0.237288135593,0.21700762134
/nfs/eecs-fserv/share/alipour/spidermonkey_experiment/DATA3/51/roundroubin.0.1/halfswarm,17984,0.687188019967,0.357281553398,0.27399380805
/nfs/eecs-fserv/share/alipour/spidermonkey_experiment/DATA3/51/roundroubin.0.1/nosup,17984,0.435980551053,0.357281553398,0.27399380805
/nfs/eecs-fserv/share/alipour/spidermonkey_experiment/DATA3/51/roundroubin.1.1/halfswarm,25791,0.0787119856887,0.256310679612,0.236455108359
/nfs/eecs-fserv/share/alipour/spidermonkey_experiment/DATA3/51/roundroubin.1.1/nosup,25791,0.0985663082437,0.256310679612,0.236455108359
/nfs/eecs-fserv/share/alipour/spidermonkey_experiment/DATA3/51/roundroubin.2.1/halfswarm,32181,0.13595706619,0.18640776699,0.189628482972
/nfs/eecs-fserv/share/alipour/spidermonkey_experiment/DATA3/51/roundroubin.2.1/nosup,32181,0.115864527629,0.18640776699,0.189628482972
/nfs/eecs-fserv/share/alipour/spidermonkey_experiment/DATA3/51/roundroubin.3.1/halfswarm,32510,0.438923395445,0.106796116505,0.115712074303
/nfs/eecs-fserv/share/alipour/spidermonkey_experiment/DATA3/51/roundroubin.3.1/nosup,32510,0.2578125,0.106796116505,0.115712074303
/nfs/eecs-fserv/share/alipour/spidermonkey_experiment/DATA3/51/roundroubin.4.1/halfswarm,32383,0.411306042885,0.227184466019,0.224458204334
/nfs/eecs-fserv/share/alipour/spidermonkey_experiment/DATA3/51/roundroubin.4.1/nosup,32383,0.323754789272,0.227184466019,0.224458204334
/nfs/eecs-fserv/share/alipour/spidermonkey_experiment/DATA3/52/roundroubin.0.1/halfswarm,21031,0.388111888112,0.26,0.216142801707
/nfs/eecs-fserv/share/alipour/spidermonkey_experiment/DATA3/52/roundroubin.0.1/nosup,21031,0.310580204778,0.26,0.216142801707
/nfs/eecs-fserv/share/alipour/spidermonkey_experiment/DATA3/52/roundroubin.1.1/halfswarm,16863,0.198380566802,0.23,0.246410554909
/nfs/eecs-fserv/share/alipour/spidermonkey_experiment/DATA3/52/roundroubin.1.1/nosup,16863,0.0864197530864,0.23,0.246410554909
/nfs/eecs-fserv/share/alipour/spidermonkey_experiment/DATA3/52/roundroubin.2.1/halfswarm,15979,0.155893536122,0.11,0.103996895615
/nfs/eecs-fserv/share/alipour/spidermonkey_experiment/DATA3/52/roundroubin.2.1/nosup,15979,0.141104294479,0.11,0.103996895615
/nfs/eecs-fserv/share/alipour/spidermonkey_experiment/DATA3/52/roundroubin.2.1/noswarm,15979,0.911877394636,0.11,0.103996895615
/nfs/eecs-fserv/share/alipour/spidermonkey_experiment/DATA3/52/roundroubin.3.1/halfswarm,19257,0.492063492063,0.2,0.18703919286
/nfs/eecs-fserv/share/alipour/spidermonkey_experiment/DATA3/52/roundroubin.3.1/nosup,19257,0.339483394834,0.2,0.18703919286
/nfs/eecs-fserv/share/alipour/spidermonkey_experiment/DATA3/52/roundroubin.4.1/halfswarm,18216,0.037037037037,0.26,0.212262320528
/nfs/eecs-fserv/share/alipour/spidermonkey_experiment/DATA3/52/roundroubin.4.1/nosup,18216,0.0157480314961,0.26,0.212262320528
/nfs/eecs-fserv/share/alipour/spidermonkey_experiment/DATA3/53/roundroubin.0.1/halfswarm,18208,0.0327868852459,0.257225433526,0.190458980846
/nfs/eecs-fserv/share/alipour/spidermonkey_experiment/DATA3/53/roundroubin.0.1/nosup,18208,0.0255220417633,0.257225433526,0.190458980846
/nfs/eecs-fserv/share/alipour/spidermonkey_experiment/DATA3/53/roundroubin.1.1/halfswarm,32441,0.401028277635,0.127167630058,0.112396096856
/nfs/eecs-fserv/share/alipour/spidermonkey_experiment/DATA3/53/roundroubin.1.1/nosup,32441,0.221649484536,0.127167630058,0.112396096856
/nfs/eecs-fserv/share/alipour/spidermonkey_experiment/DATA3/53/roundroubin.2.1/halfswarm,10216,0.058981233244,0.219653179191,0.210697506325
/nfs/eecs-fserv/share/alipour/spidermonkey_experiment/DATA3/53/roundroubin.2.1/nosup,10216,0.0391644908616,0.219653179191,0.210697506325
/nfs/eecs-fserv/share/alipour/spidermonkey_experiment/DATA3/53/roundroubin.2.1/noswarm,10216,0.0238095238095,0.219653179191,0.210697506325
/nfs/eecs-fserv/share/alipour/spidermonkey_experiment/DATA3/53/roundroubin.3.1/halfswarm,10210,0.147138964578,0.297687861272,0.258402602096
/nfs/eecs-fserv/share/alipour/spidermonkey_experiment/DATA3/53/roundroubin.3.1/nosup,10210,0.171957671958,0.297687861272,0.258402602096
/nfs/eecs-fserv/share/alipour/spidermonkey_experiment/DATA3/53/roundroubin.4.1/halfswarm,12224,0.565217391304,0.112716763006,0.134441633538
/nfs/eecs-fserv/share/alipour/spidermonkey_experiment/DATA3/53/roundroubin.4.1/nosup,12224,0.30487804878,0.112716763006,0.134441633538
/nfs/eecs-fserv/share/alipour/spidermonkey_experiment/DATA3/54/roundroubin.0.1/halfswarm,17487,0.43961352657,0.255639097744,0.268899521531
/nfs/eecs-fserv/share/alipour/spidermonkey_experiment/DATA3/54/roundroubin.0.1/nosup,17487,0.338862559242,0.255639097744,0.268899521531
/nfs/eecs-fserv/share/alipour/spidermonkey_experiment/DATA3/54/roundroubin.1.1/halfswarm,16471,0.372262773723,0.172932330827,0.12966507177
/nfs/eecs-fserv/share/alipour/spidermonkey_experiment/DATA3/54/roundroubin.1.1/nosup,16471,0.255905511811,0.172932330827,0.12966507177
/nfs/eecs-fserv/share/alipour/spidermonkey_experiment/DATA3/54/roundroubin.2.1/halfswarm,32221,0.452554744526,0.235588972431,0.240669856459
/nfs/eecs-fserv/share/alipour/spidermonkey_experiment/DATA3/54/roundroubin.2.1/nosup,32221,0.315662650602,0.235588972431,0.240669856459
/nfs/eecs-fserv/share/alipour/spidermonkey_experiment/DATA3/54/roundroubin.3.1/halfswarm,16874,0.568123393316,0.22305764411,0.181339712919
/nfs/eecs-fserv/share/alipour/spidermonkey_experiment/DATA3/54/roundroubin.3.1/nosup,16874,0.30534351145,0.22305764411,0.181339712919
/nfs/eecs-fserv/share/alipour/spidermonkey_experiment/DATA3/54/roundroubin.4.1/halfswarm,21449,0.34236453202,0.245614035088,0.235406698565
/nfs/eecs-fserv/share/alipour/spidermonkey_experiment/DATA3/54/roundroubin.4.1/nosup,21449,0.281094527363,0.245614035088,0.235406698565
/nfs/eecs-fserv/share/alipour/spidermonkey_experiment/DATA3/54/roundroubin.0.1/halfswarm,17487,0.43961352657,0.255639097744,0.268899521531
/nfs/eecs-fserv/share/alipour/spidermonkey_experiment/DATA3/54/roundroubin.0.1/nosup,17487,0.338862559242,0.255639097744,0.268899521531
/nfs/eecs-fserv/share/alipour/spidermonkey_experiment/DATA3/54/roundroubin.1.1/halfswarm,16471,0.372262773723,0.172932330827,0.12966507177
/nfs/eecs-fserv/share/alipour/spidermonkey_experiment/DATA3/54/roundroubin.1.1/nosup,16471,0.255905511811,0.172932330827,0.12966507177
/nfs/eecs-fserv/share/alipour/spidermonkey_experiment/DATA3/54/roundroubin.2.1/halfswarm,32221,0.452554744526,0.235588972431,0.240669856459
/nfs/eecs-fserv/share/alipour/spidermonkey_experiment/DATA3/54/roundroubin.2.1/nosup,32221,0.315662650602,0.235588972431,0.240669856459
/nfs/eecs-fserv/share/alipour/spidermonkey_experiment/DATA3/54/roundroubin.3.1/halfswarm,16874,0.568123393316,0.22305764411,0.181339712919
/nfs/eecs-fserv/share/alipour/spidermonkey_experiment/DATA3/54/roundroubin.3.1/nosup,16874,0.30534351145,0.22305764411,0.181339712919
/nfs/eecs-fserv/share/alipour/spidermonkey_experiment/DATA3/54/roundroubin.4.1/halfswarm,21449,0.34236453202,0.245614035088,0.235406698565
/nfs/eecs-fserv/share/alipour/spidermonkey_experiment/DATA3/54/roundroubin.4.1/nosup,21449,0.281094527363,0.245614035088,0.235406698565
/nfs/eecs-fserv/share/alipour/spidermonkey_experiment/DATA3/57/roundroubin.0.1/halfswarm,21398,0.320341047503,0.235177865613,0.238492207321
/nfs/eecs-fserv/share/alipour/spidermonkey_experiment/DATA3/57/roundroubin.0.1/nosup,21398,0.284697508897,0.235177865613,0.238492207321
/nfs/eecs-fserv/share/alipour/spidermonkey_experiment/DATA3/57/roundroubin.1.1/halfswarm,15997,0.273876404494,0.118577075099,0.126857557086
/nfs/eecs-fserv/share/alipour/spidermonkey_experiment/DATA3/57/roundroubin.1.1/nosup,15997,0.149867374005,0.118577075099,0.126857557086
/nfs/eecs-fserv/share/alipour/spidermonkey_experiment/DATA3/57/roundroubin.2.1/halfswarm,3252,0.198224852071,0.0928853754941,0.105472997463
/nfs/eecs-fserv/share/alipour/spidermonkey_experiment/DATA3/57/roundroubin.2.1/nosup,3252,0.132513661202,0.0928853754941,0.105472997463
/nfs/eecs-fserv/share/alipour/spidermonkey_experiment/DATA3/57/roundroubin.3.1/halfswarm,22416,0.601719197708,0.355731225296,0.285973178688
/nfs/eecs-fserv/share/alipour/spidermonkey_experiment/DATA3/57/roundroubin.3.1/nosup,22416,0.394993045897,0.355731225296,0.285973178688
/nfs/eecs-fserv/share/alipour/spidermonkey_experiment/DATA3/57/roundroubin.4.1/halfswarm,25067,0.25,0.140316205534,0.153316418992
/nfs/eecs-fserv/share/alipour/spidermonkey_experiment/DATA3/57/roundroubin.4.1/nosup,25067,0.185897435897,0.140316205534,0.153316418992
/nfs/eecs-fserv/share/alipour/spidermonkey_experiment/DATA3/58/roundroubin.0.1/halfswarm,15960,0.203592814371,0.127478753541,0.131118881119
/nfs/eecs-fserv/share/alipour/spidermonkey_experiment/DATA3/58/roundroubin.0.1/nosup,15960,0.133101851852,0.127478753541,0.131118881119
/nfs/eecs-fserv/share/alipour/spidermonkey_experiment/DATA3/58/roundroubin.1.1/halfswarm,15945,0.196029776675,0.127478753541,0.131118881119
/nfs/eecs-fserv/share/alipour/spidermonkey_experiment/DATA3/58/roundroubin.1.1/nosup,15945,0.140096618357,0.127478753541,0.131118881119
/nfs/eecs-fserv/share/alipour/spidermonkey_experiment/DATA3/58/roundroubin.2.1/halfswarm,19219,0.371943371943,0.192634560907,0.191142191142
/nfs/eecs-fserv/share/alipour/spidermonkey_experiment/DATA3/58/roundroubin.2.1/nosup,19219,0.263819095477,0.192634560907,0.191142191142
/nfs/eecs-fserv/share/alipour/spidermonkey_experiment/DATA3/58/roundroubin.3.1/halfswarm,15937,0.201282051282,0.220963172805,0.165501165501
/nfs/eecs-fserv/share/alipour/spidermonkey_experiment/DATA3/58/roundroubin.3.1/nosup,15937,0.12625,0.220963172805,0.165501165501
/nfs/eecs-fserv/share/alipour/spidermonkey_experiment/DATA3/58/roundroubin.4.1/halfswarm,21398,0.317142857143,0.277620396601,0.24358974359
/nfs/eecs-fserv/share/alipour/spidermonkey_experiment/DATA3/58/roundroubin.4.1/nosup,21398,0.279202279202,0.277620396601,0.24358974359
/nfs/eecs-fserv/share/alipour/spidermonkey_experiment/DATA3/59/roundroubin.0.1/halfswarm,30932,0.340606060606,0.183962264151,0.163112391931
/nfs/eecs-fserv/share/alipour/spidermonkey_experiment/DATA3/59/roundroubin.0.1/nosup,30932,0.223140495868,0.183962264151,0.163112391931
/nfs/eecs-fserv/share/alipour/spidermonkey_experiment/DATA3/59/roundroubin.1.1/halfswarm,25034,0.00130039011704,0.23820754717,0.227665706052
/nfs/eecs-fserv/share/alipour/spidermonkey_experiment/DATA3/59/roundroubin.1.1/nosup,25034,0.00380228136882,0.23820754717,0.227665706052
/nfs/eecs-fserv/share/alipour/spidermonkey_experiment/DATA3/59/roundroubin.2.1/halfswarm,14900,0.370078740157,0.268867924528,0.207492795389
/nfs/eecs-fserv/share/alipour/spidermonkey_experiment/DATA3/59/roundroubin.2.1/nosup,14900,0.281921618205,0.268867924528,0.207492795389
/nfs/eecs-fserv/share/alipour/spidermonkey_experiment/DATA3/59/roundroubin.3.1/halfswarm,16565,0.12777053455,0.216981132075,0.216714697406
/nfs/eecs-fserv/share/alipour/spidermonkey_experiment/DATA3/59/roundroubin.3.1/nosup,16565,0.0467445742905,0.216981132075,0.216714697406
/nfs/eecs-fserv/share/alipour/spidermonkey_experiment/DATA3/59/roundroubin.4.1/halfswarm,15919,0.114186851211,0.158018867925,0.146974063401
/nfs/eecs-fserv/share/alipour/spidermonkey_experiment/DATA3/59/roundroubin.4.1/nosup,15919,0.0608108108108,0.158018867925,0.146974063401
/nfs/eecs-fserv/share/alipour/spidermonkey_experiment/DATA3/60/roundroubin.0.1/halfswarm,32177,0.158018867925,0.161369193154,0.199885452463
/nfs/eecs-fserv/share/alipour/spidermonkey_experiment/DATA3/60/roundroubin.0.1/nosup,32177,0.126436781609,0.161369193154,0.199885452463
/nfs/eecs-fserv/share/alipour/spidermonkey_experiment/DATA3/60/roundroubin.1.1/halfswarm,14884,0.398416886544,0.21760391198,0.225085910653
/nfs/eecs-fserv/share/alipour/spidermonkey_experiment/DATA3/60/roundroubin.1.1/nosup,14884,0.370512820513,0.21760391198,0.225085910653
/nfs/eecs-fserv/share/alipour/spidermonkey_experiment/DATA3/60/roundroubin.2.1/halfswarm,18222,0.214756258235,0.234718826406,0.213058419244
/nfs/eecs-fserv/share/alipour/spidermonkey_experiment/DATA3/60/roundroubin.2.1/nosup,18222,0.136071887035,0.234718826406,0.213058419244
/nfs/eecs-fserv/share/alipour/spidermonkey_experiment/DATA3/60/roundroubin.3.1/halfswarm,15935,0.155136268344,0.158924205379,0.174684994273
/nfs/eecs-fserv/share/alipour/spidermonkey_experiment/DATA3/60/roundroubin.3.1/nosup,15935,0.0957746478873,0.158924205379,0.174684994273
/nfs/eecs-fserv/share/alipour/spidermonkey_experiment/DATA3/60/roundroubin.4.1/halfswarm,16525,0.424137931034,0.215158924205,0.178694158076
/nfs/eecs-fserv/share/alipour/spidermonkey_experiment/DATA3/60/roundroubin.4.1/nosup,16525,0.220735785953,0.215158924205,0.178694158076
